{
  "model_type": "logreg",
  "features": [
    "conf",
    "area",
    "aspect_ratio",
    "extent",
    "solidity",
    "circularity",
    "compactness",
    "rectangularity",
    "eccentricity",
    "vertex_count",
    "bbox_w",
    "bbox_h"
  ],
  "samples_total": 827,
  "positive_bird_fp": 86,
  "negative_true_drone": 741,
  "train_size": 620,
  "val_size": 207,
  "bird_fp_binary_metrics": {
    "precision": 0.22535211267605634,
    "recall": 0.7272727272727273,
    "f1": 0.34408602150537637
  },
  "confusion_matrix": [
    [
      130,
      55
    ],
    [
      6,
      16
    ]
  ],
  "classification_report": {
    "0": {
      "precision": 0.9558823529411765,
      "recall": 0.7027027027027027,
      "f1-score": 0.8099688473520249,
      "support": 185.0
    },
    "1": {
      "precision": 0.22535211267605634,
      "recall": 0.7272727272727273,
      "f1-score": 0.34408602150537637,
      "support": 22.0
    },
    "accuracy": 0.7053140096618358,
    "macro avg": {
      "precision": 0.5906172328086164,
      "recall": 0.7149877149877151,
      "f1-score": 0.5770274344287006,
      "support": 207.0
    },
    "weighted avg": {
      "precision": 0.8782414578405358,
      "recall": 0.7053140096618358,
      "f1-score": 0.7604547305953762,
      "support": 207.0
    }
  }
}